行业,资产轻重,周期敏感性,增长驱动模式,收入质量,一次性收入依赖
白色家电,中,弱周期,市占率集中驱动,交易型,低
半导体及元件,重,弱周期,创新技术驱动,项目制,低
包装印刷,中,弱周期,市占率集中驱动,项目制,低
保险及其他,极轻,防御性,市占率集中驱动,经常性,低
厨卫电器,中,弱周期,市占率集中驱动,交易型,低
传媒,轻,弱周期,创新技术驱动,混合,低
电力,重,防御性,市占率集中驱动,经常性,低
电力设备,中,弱周期,渗透率驱动,项目制,低
电子化学品,中,弱周期,创新技术驱动,交易型,低
房地产服务,轻,强周期,市占率集中驱动,混合,一般
房地产开发,重,强周期,市占率集中驱动,一次性依赖,高
纺织制造,中,弱周期,市占率集中驱动,项目制,低
非金属材料,中,弱周期,市占率集中驱动,交易型,低
非汽车交运,重,弱周期,市占率集中驱动,项目制,一般
服装家纺,轻,弱周期,市占率集中驱动,交易型,低
钢铁,重,强周期,周期恢复驱动,交易型,低
港口航运,重,强周期,周期恢复驱动,交易型,低
工业金属,重,强周期,周期恢复驱动,交易型,低
公路铁路运输,重,防御性,市占率集中驱动,混合,低
光学光电子,重,弱周期,创新技术驱动,交易型,低
贵金属,中,强周期,周期恢复驱动,交易型,低
国防军工,中,防御性,创新技术驱动,项目制,低
黑色家电,轻,弱周期,市占率集中驱动,交易型,低
互联网电商,轻,弱周期,渗透率驱动,混合,低
化工合成材料,重,强周期,周期恢复驱动,交易型,一般
化学原料,重,强周期,周期恢复驱动,交易型,一般
化学制品,中,弱周期,创新技术驱动,交易型,一般
化学制药,中,防御性,创新技术驱动,混合,低
环保,中,弱周期,渗透率驱动,项目制,一般
机场航运,重,强周期,周期恢复驱动,交易型,低
计算机设备,中,弱周期,创新技术驱动,混合,低
计算机应用,极轻,弱周期,创新技术驱动,混合,低
家用轻工,轻,弱周期,市占率集中驱动,交易型,低
建筑材料,中,弱周期,市占率集中驱动,交易型,低
建筑装饰,中,弱周期,市占率集中驱动,项目制,一般
教育,轻,防御性,渗透率驱动,混合,低
金属新材料,中,弱周期,创新技术驱动,交易型,低
景点及旅游,中,强周期,周期恢复驱动,交易型,低
酒店及餐饮,中,强周期,市占率集中驱动,交易型,低
零售,轻,弱周期,市占率集中驱动,混合,低
贸易,轻,强周期,周期恢复驱动,交易型,高
煤炭开采加工,重,强周期,周期恢复驱动,交易型,低
美容护理,轻,防御性,渗透率驱动,交易型,低
农产品加工,中,弱周期,市占率集中驱动,交易型,低
农业服务,轻,弱周期,渗透率驱动,混合,低
其他电子,中,弱周期,创新技术驱动,交易型,低
其他社会服务,轻,弱周期,市占率集中驱动,项目制,一般
汽车服务,轻,弱周期,市占率集中驱动,混合,低
汽车零部件,中,弱周期,创新技术驱动,项目制,低
汽车整车,重,强周期,市占率集中驱动,交易型,低
燃气,重,防御性,市占率集中驱动,经常性,低
生物制品,中,防御性,创新技术驱动,混合,低
石油加工贸易,重,强周期,周期恢复驱动,交易型,一般
食品加工制造,中,防御性,市占率集中驱动,混合,低
通信服务,重,防御性,渗透率驱动,经常性,低
通信设备,中,弱周期,创新技术驱动,项目制,低
通用设备,中,弱周期,创新技术驱动,交易型,低
物流,中,弱周期,市占率集中驱动,交易型,低
消费电子,轻,弱周期,创新技术驱动,交易型,低
小家电,轻,弱周期,市占率集中驱动,交易型,低
小金属,中,强周期,周期恢复驱动,交易型,低
养殖业,中,强周期,市占率集中驱动,交易型,低
医疗服务,轻,防御性,渗透率驱动,混合,低
医疗器械,中,防御性,创新技术驱动,混合,低
医药商业,轻,防御性,市占率集中驱动,混合,低
仪器仪表,中,弱周期,创新技术驱动,项目制,低
银行,极轻,防御性,市占率集中驱动,经常性,低
饮料制造,中,防御性,市占率集中驱动,交易型,低
油气开采及服务,重,强周期,周期恢复驱动,项目制,低
造纸,重,弱周期,市占率集中驱动,交易型,低
证券,极轻,强周期,市占率集中驱动,混合,低
中药,中,防御性,市占率集中驱动,混合,低
种植业与林业,中,弱周期,市占率集中驱动,交易型,低
专用设备,中,弱周期,创新技术驱动,项目制,低
自动化设备,中,弱周期,创新技术驱动,项目制,低
综合,中,弱周期,市占率集中驱动,混合,高
